<?xml version="1.0" encoding="UTF-8"?>
<model-companion xmlns="http://www.fico.com/xpress/optimization-modeler/model-companion" version="5.0">

	<scenario-types>
		<scenario-type id="PROJECT" name="Project">
			<state-icons unloaded="images/project-1.png" unloaded-hover="images/project-1.png" loaded="images/project-1.png" loaded-hover="images/project-1.png" executed="images/project-1.png" executed-hover="images/project-1.png" />
			<shelf-pill-style background-color-active="rgba(255,255,255,0)" background-color-inactive="rgba(255,255,255,0)" border-color="#A4A4A4" text-color="#FFFFFF" text-color-hover="#FFFFFF" />
			<actions load="allow" view-runlog="allow" view-properties-dialog="allow" edit-owner="allow" edit-share-status="allow" open-attachments-dialog="allow" />
		</scenario-type>
		<scenario-type id="SCENARIO" name="Scenario">
		</scenario-type>
	</scenario-types>

	<attachment-config>
		<attachment-tags>
			<attachment-tag name="input-sheet" usage="single-file" mandatory="true">
				<description>A data source required by the Mosel model before it can execute (load or run). Must be an Excel spreadsheet.</description>
				<attachments>
					<attachment>input.xlsx</attachment>
				</attachments>
			</attachment-tag>
			<attachment-tag name="result-sheet">
				<description>An Excel file that is generated by the model containing the results.</description>
			</attachment-tag>
			<attachment-tag name="approval-document" usage="single-file">
				<description>An optional file attached to the scenario or project for storing your own data. This tag has been marked as 'single' so you may only tag one file this way.</description>
			</attachment-tag>
		</attachment-tags>
	</attachment-config>

	<client>
		<view-group title="Manage">
			<vdl-view title="Manage Projects" id="Manage" default="true" path="manage.vdl" empty-selection-default="true" requires-scenarios-loaded="false" />
		</view-group>
		<view-group title="Project">
			<vdl-view title="Data" id="Data" requires-scenarios-loaded="false" empty-selection-default="true" path="data.vdl" />
		</view-group>
		<view-group title="Scenario">
			<vdl-view title="Setup" path="setup.vdl" requires-scenarios-loaded="false"  empty-selection-default="true" />
			<vdl-view title="Results" path="results.vdl" requires-scenarios-loaded="false"  empty-selection-default="true" />
			<vdl-view title="Multi-scenario Report" path="report.vdl" requires-scenarios-loaded="false"  empty-selection-default="true" />
		</view-group>
	</client>
</model-companion>

